date,r1,r2,r3,r4,r5,r6,r7,r8,r9,r10,r11,r12,r13,r14,r15,r16,r17,r18,r19,r20,r21,r22,r23,r24,r25
2010-10-01,['duke'],['michigan-state'],['kansas-state'],['ohio-state'],['pittsburgh'],['villanova'],['kansas'],['north-carolina'],['florida'],['syracuse'],['kentucky'],['gonzaga'],['illinois'],['purdue'],['missouri'],['baylor'],['butler'],['washington'],['memphis'],['georgetown'],['virginia-tech'],['temple'],['tennessee'],['brigham-young'],['san-diego-state']
2010-11-15,['duke'],['michigan-state'],['kansas-state'],['ohio-state'],['pittsburgh'],['villanova'],['kansas'],['north-carolina'],['florida'],['syracuse'],['gonzaga'],['kentucky'],['illinois'],['purdue'],['missouri'],['butler'],"['baylor', 'washington']",[],['memphis'],['georgetown'],['temple'],['virginia-tech'],['brigham-young'],['tennessee'],['san-diego-state']
2010-11-22,['duke'],['michigan-state'],['ohio-state'],['kansas-state'],['pittsburgh'],['kansas'],['villanova'],['kentucky'],['syracuse'],['purdue'],['missouri'],['baylor'],['washington'],['memphis'],['minnesota'],"['florida', 'georgetown']",[],['san-diego-state'],['illinois'],['texas'],['temple'],['gonzaga'],['brigham-young'],['tennessee'],['north-carolina']
2010-11-29,['duke'],['ohio-state'],['pittsburgh'],['kansas'],['kansas-state'],['michigan-state'],['connecticut'],['syracuse'],['missouri'],['kentucky'],['baylor'],['villanova'],['tennessee'],['memphis'],['minnesota'],['georgetown'],['san-diego-state'],['florida'],['texas'],['illinois'],['brigham-young'],['purdue'],['washington'],['nevada-las-vegas'],['notre-dame']
2010-12-06,['duke'],['ohio-state'],['pittsburgh'],['kansas'],['kansas-state'],['connecticut'],['michigan-state'],['syracuse'],['georgetown'],['baylor'],['tennessee'],['villanova'],['memphis'],['san-diego-state'],['missouri'],['illinois'],['kentucky'],['brigham-young'],['purdue'],['nevada-las-vegas'],['washington'],['minnesota'],['notre-dame'],['louisville'],['texas']
2010-12-13,['duke'],['ohio-state'],['kansas'],['connecticut'],['syracuse'],['kansas-state'],['tennessee'],['pittsburgh'],['baylor'],['villanova'],['san-diego-state'],['illinois'],['missouri'],['michigan-state'],['georgetown'],['brigham-young'],['kentucky'],['memphis'],['purdue'],['louisville'],['minnesota'],"['texas', 'nevada-las-vegas']",[],['notre-dame'],['texas-am']
2010-12-20,['duke'],['ohio-state'],['kansas'],['connecticut'],['syracuse'],['pittsburgh'],['san-diego-state'],['villanova'],['missouri'],['georgetown'],['kansas-state'],['michigan-state'],['kentucky'],['purdue'],['baylor'],['memphis'],['minnesota'],['texas'],['tennessee'],['florida'],['illinois'],['notre-dame'],['brigham-young'],['central-florida'],['texas-am']
2010-12-27,['duke'],['ohio-state'],['kansas'],['connecticut'],['syracuse'],['pittsburgh'],['san-diego-state'],['villanova'],['georgetown'],['missouri'],['kentucky'],['purdue'],['texas'],['minnesota'],['notre-dame'],['brigham-young'],['kansas-state'],['texas-am'],['central-florida'],['michigan-state'],['memphis'],['louisville'],['illinois'],['vanderbilt'],['temple']
2011-01-03,['duke'],['ohio-state'],['kansas'],['syracuse'],['pittsburgh'],['san-diego-state'],['villanova'],['connecticut'],['missouri'],['kentucky'],['purdue'],['texas'],['georgetown'],['notre-dame'],['brigham-young'],['texas-am'],['kansas-state'],['michigan-state'],['central-florida'],['illinois'],['memphis'],['vanderbilt'],['washington'],['cincinnati'],['nevada-las-vegas']
2011-01-10,['duke'],['ohio-state'],['kansas'],['syracuse'],['pittsburgh'],['san-diego-state'],['villanova'],['purdue'],['notre-dame'],['connecticut'],['brigham-young'],['texas'],['kentucky'],['texas-am'],['missouri'],['illinois'],['washington'],['louisville'],['temple'],['wisconsin'],['kansas-state'],['georgetown'],['central-florida'],['georgia'],['cincinnati']
2011-01-17,['ohio-state'],['kansas'],['syracuse'],['duke'],['pittsburgh'],['san-diego-state'],['villanova'],['connecticut'],['brigham-young'],['texas'],['texas-am'],['kentucky'],['missouri'],['purdue'],['minnesota'],['notre-dame'],['michigan-state'],['wisconsin'],['louisville'],['washington'],['west-virginia'],['saint-marys-ca'],"['georgetown', 'illinois']",[],['cincinnati']
2011-01-24,['ohio-state'],['pittsburgh'],['duke'],['san-diego-state'],['connecticut'],['kansas'],['texas'],['villanova'],"['brigham-young', 'syracuse']",[],['missouri'],['purdue'],['texas-am'],['kentucky'],['notre-dame'],['minnesota'],['wisconsin'],['washington'],['vanderbilt'],['illinois'],['georgetown'],['florida-state'],['louisville'],['florida'],['michigan-state']
2011-01-31,['ohio-state'],['kansas'],['texas'],['pittsburgh'],['duke'],['connecticut'],['san-diego-state'],['brigham-young'],['notre-dame'],['kentucky'],['purdue'],['villanova'],['georgetown'],['missouri'],['louisville'],['texas-am'],['syracuse'],['minnesota'],['wisconsin'],['washington'],['arizona'],['utah-state'],"['north-carolina', 'vanderbilt']",[],['west-virginia']
2011-02-07,['ohio-state'],['kansas'],['texas'],['pittsburgh'],['duke'],['san-diego-state'],['brigham-young'],['notre-dame'],['villanova'],['connecticut'],['georgetown'],['syracuse'],['wisconsin'],['purdue'],['arizona'],['louisville'],['florida'],['kentucky'],['missouri'],['north-carolina'],['utah-state'],['texas-am'],['vanderbilt'],['temple'],['west-virginia']
2011-02-14,['kansas'],['ohio-state'],['texas'],['pittsburgh'],['duke'],['san-diego-state'],['brigham-young'],['notre-dame'],['georgetown'],['wisconsin'],['purdue'],['arizona'],['connecticut'],['florida'],['villanova'],['louisville'],['syracuse'],['vanderbilt'],['north-carolina'],['missouri'],['texas-am'],['kentucky'],['temple'],['xavier'],['utah-state']
2011-02-21,['duke'],['ohio-state'],['kansas'],['pittsburgh'],['texas'],['san-diego-state'],['brigham-young'],['purdue'],['notre-dame'],['arizona'],['georgetown'],['wisconsin'],['florida'],['connecticut'],['villanova'],['louisville'],['syracuse'],['vanderbilt'],['north-carolina'],['missouri'],['texas-am'],['kentucky'],['st-johns-ny'],['temple'],['xavier']
2011-02-28,['ohio-state'],['kansas'],['brigham-young'],"['duke', 'pittsburgh']",[],['purdue'],['texas'],['notre-dame'],['san-diego-state'],['wisconsin'],['louisville'],['syracuse'],['north-carolina'],['florida'],['st-johns-ny'],['connecticut'],['georgetown'],['arizona'],['villanova'],['kentucky'],['vanderbilt'],['missouri'],['xavier'],['texas-am'],['utah-state']
2011-03-07,['ohio-state'],['kansas'],['pittsburgh'],['notre-dame'],['duke'],['north-carolina'],['san-diego-state'],['brigham-young'],['purdue'],['texas'],['syracuse'],['florida'],['wisconsin'],['louisville'],['kentucky'],['arizona'],['st-johns-ny'],['xavier'],['kansas-state'],['west-virginia'],['connecticut'],['georgetown'],['utah-state'],['temple'],['cincinnati']
2011-05-01,['ohio-state'],['kansas'],['duke'],['pittsburgh'],['notre-dame'],['san-diego-state'],['north-carolina'],['texas'],['connecticut'],['brigham-young'],['kentucky'],['syracuse'],['purdue'],['louisville'],['florida'],['wisconsin'],['arizona'],['st-johns-ny'],['utah-state'],['xavier'],['kansas-state'],['west-virginia'],['washington'],['texas-am'],['vanderbilt']
2011-10-01,['north-carolina'],['kentucky'],['ohio-state'],['connecticut'],['syracuse'],['duke'],['vanderbilt'],['florida'],['louisville'],['pittsburgh'],['memphis'],['baylor'],['kansas'],['xavier'],['wisconsin'],['arizona'],['ucla'],['michigan'],['alabama'],['texas-am'],['cincinnati'],['marquette'],['gonzaga'],['california'],['missouri']
2011-11-14,['north-carolina'],['kentucky'],['ohio-state'],['connecticut'],['syracuse'],['duke'],['florida'],['louisville'],['pittsburgh'],['memphis'],['baylor'],['kansas'],['xavier'],['wisconsin'],['arizona'],['alabama'],['michigan'],['vanderbilt'],['texas-am'],['cincinnati'],['marquette'],['gonzaga'],['california'],['missouri'],['florida-state']
2011-11-21,['north-carolina'],['kentucky'],['ohio-state'],['connecticut'],['syracuse'],['duke'],['louisville'],['memphis'],['baylor'],['florida'],['wisconsin'],['xavier'],['alabama'],['kansas'],['michigan'],['marquette'],['pittsburgh'],['vanderbilt'],['gonzaga'],['california'],['missouri'],['florida-state'],['arizona'],['mississippi-state'],['texas-am']
2011-11-28,['kentucky'],['ohio-state'],['duke'],['syracuse'],['north-carolina'],['louisville'],['baylor'],['connecticut'],['wisconsin'],['florida'],['xavier'],['alabama'],['missouri'],['michigan'],['kansas'],['marquette'],['pittsburgh'],['nevada-las-vegas'],['gonzaga'],['vanderbilt'],['mississippi-state'],['memphis'],['saint-louis'],['california'],['texas-am']
2011-12-05,['kentucky'],['ohio-state'],['syracuse'],['north-carolina'],['louisville'],['baylor'],['duke'],['xavier'],['connecticut'],['missouri'],['marquette'],['florida'],['kansas'],['wisconsin'],['pittsburgh'],['alabama'],['mississippi-state'],['georgetown'],['creighton'],['michigan'],['memphis'],['texas-am'],['gonzaga'],['illinois'],['harvard']
2011-12-12,['syracuse'],['ohio-state'],['kentucky'],['louisville'],['north-carolina'],['baylor'],['duke'],['xavier'],['connecticut'],['missouri'],['marquette'],['kansas'],['florida'],['wisconsin'],['pittsburgh'],['georgetown'],['mississippi-state'],['indiana'],['illinois'],['michigan'],['michigan-state'],['texas-am'],['alabama'],['murray-state'],"['creighton', 'vanderbilt']"
2011-12-19,['syracuse'],['ohio-state'],['kentucky'],['louisville'],['north-carolina'],['baylor'],['duke'],['connecticut'],['missouri'],['marquette'],['florida'],['kansas'],['wisconsin'],['xavier'],['pittsburgh'],['georgetown'],['indiana'],['mississippi-state'],['michigan-state'],['michigan'],['nevada-las-vegas'],['murray-state'],['creighton'],['virginia'],['illinois']
2011-12-26,['syracuse'],['ohio-state'],['kentucky'],['louisville'],['north-carolina'],['baylor'],['duke'],['missouri'],['connecticut'],['florida'],['wisconsin'],['georgetown'],['indiana'],['marquette'],['mississippi-state'],['michigan-state'],['kansas'],['michigan'],['nevada-las-vegas'],['murray-state'],['creighton'],['pittsburgh'],['virginia'],['harvard'],['san-diego-state']
2012-01-02,['syracuse'],['kentucky'],['north-carolina'],['baylor'],['duke'],['ohio-state'],['missouri'],['connecticut'],['georgetown'],['michigan-state'],['louisville'],['indiana'],['florida'],['kansas'],['mississippi-state'],['michigan'],['nevada-las-vegas'],['wisconsin'],['murray-state'],['marquette'],['virginia'],['harvard'],['kansas-state'],['san-diego-state'],['gonzaga']
2012-01-09,['syracuse'],['kentucky'],['north-carolina'],['baylor'],['ohio-state'],['michigan-state'],['indiana'],['duke'],['missouri'],['kansas'],['georgetown'],['nevada-las-vegas'],['michigan'],['louisville'],['murray-state'],['virginia'],['connecticut'],['kansas-state'],['florida'],['mississippi-state'],['gonzaga'],['san-diego-state'],['creighton'],['seton-hall'],['marquette']
2012-01-16,['syracuse'],['kentucky'],['baylor'],['duke'],['missouri'],['ohio-state'],['kansas'],['north-carolina'],['michigan-state'],['georgetown'],['indiana'],['murray-state'],['connecticut'],['nevada-las-vegas'],['virginia'],['san-diego-state'],['florida'],['mississippi-state'],['creighton'],['michigan'],['marquette'],['illinois'],['louisville'],['saint-marys-ca'],['kansas-state']
2012-01-23,['kentucky'],['missouri'],['syracuse'],['ohio-state'],['kansas'],['baylor'],['north-carolina'],['duke'],['georgetown'],['michigan-state'],['murray-state'],['nevada-las-vegas'],['san-diego-state'],['florida'],['creighton'],['indiana'],['marquette'],['mississippi-state'],['virginia'],['michigan'],['saint-marys-ca'],['kansas-state'],['florida-state'],['connecticut'],['wisconsin']
2012-01-30,['kentucky'],['syracuse'],['ohio-state'],['missouri'],['north-carolina'],['baylor'],['duke'],['kansas'],['michigan-state'],['murray-state'],['nevada-las-vegas'],['florida'],['creighton'],['georgetown'],['marquette'],['virginia'],['san-diego-state'],['saint-marys-ca'],['wisconsin'],['indiana'],['florida-state'],['mississippi-state'],['michigan'],['gonzaga'],['vanderbilt']
2012-02-06,['kentucky'],['syracuse'],['ohio-state'],['missouri'],['north-carolina'],['baylor'],['kansas'],['florida'],['murray-state'],['duke'],['michigan-state'],['georgetown'],['san-diego-state'],['nevada-las-vegas'],['florida-state'],['saint-marys-ca'],['creighton'],['marquette'],['virginia'],['mississippi-state'],['wisconsin'],['michigan'],['indiana'],['louisville'],['harvard']
2012-02-13,['kentucky'],['syracuse'],['missouri'],['kansas'],['duke'],['ohio-state'],['michigan-state'],['north-carolina'],['baylor'],['georgetown'],['nevada-las-vegas'],['marquette'],['san-diego-state'],['florida'],['wisconsin'],['murray-state'],['michigan'],['indiana'],['louisville'],['florida-state'],['saint-marys-ca'],['virginia'],['notre-dame'],"['gonzaga', 'wichita-state']",[]
2012-02-20,['kentucky'],['syracuse'],['missouri'],['kansas'],['duke'],['michigan-state'],['north-carolina'],['ohio-state'],['georgetown'],['marquette'],['michigan'],['florida'],['baylor'],['murray-state'],['florida-state'],['wisconsin'],['louisville'],['new-mexico'],['wichita-state'],['notre-dame'],['nevada-las-vegas'],['temple'],['indiana'],['san-diego-state'],['virginia']
2012-02-27,['kentucky'],['syracuse'],['kansas'],['duke'],['michigan-state'],['north-carolina'],['missouri'],['marquette'],['baylor'],['ohio-state'],['georgetown'],['murray-state'],['michigan'],['wisconsin'],['wichita-state'],['florida'],['nevada-las-vegas'],['indiana'],['louisville'],['notre-dame'],['san-diego-state'],['florida-state'],['temple'],['virginia'],['creighton']
2012-03-05,['kentucky'],['syracuse'],['kansas'],['north-carolina'],['missouri'],['duke'],['ohio-state'],['michigan-state'],['marquette'],['michigan'],['murray-state'],['baylor'],['georgetown'],['wisconsin'],['indiana'],['wichita-state'],['florida-state'],['san-diego-state'],['creighton'],['nevada-las-vegas'],['temple'],['florida'],['notre-dame'],['gonzaga'],['iowa-state']
2012-05-01,['kentucky'],['syracuse'],['missouri'],['north-carolina'],['michigan-state'],['kansas'],['ohio-state'],['duke'],['baylor'],['florida-state'],['marquette'],['murray-state'],['michigan'],['wisconsin'],['georgetown'],['indiana'],['louisville'],['wichita-state'],['creighton'],['vanderbilt'],['new-mexico'],['san-diego-state'],['nevada-las-vegas'],['saint-marys-ca'],['florida']
2012-10-01,['indiana'],['louisville'],['kentucky'],['ohio-state'],['michigan'],['north-carolina-state'],['kansas'],['duke'],['syracuse'],['florida'],['north-carolina'],['arizona'],['ucla'],['michigan-state'],['missouri'],['creighton'],['memphis'],['nevada-las-vegas'],['baylor'],['san-diego-state'],['gonzaga'],['notre-dame'],['wisconsin'],['cincinnati'],['florida-state']
2012-11-12,['indiana'],['louisville'],['kentucky'],['ohio-state'],['michigan'],['north-carolina-state'],['kansas'],['syracuse'],['duke'],['florida'],['north-carolina'],['arizona'],['ucla'],['missouri'],['creighton'],['baylor'],['memphis'],['nevada-las-vegas'],['gonzaga'],['notre-dame'],['michigan-state'],['wisconsin'],['connecticut'],['cincinnati'],['san-diego-state']
2012-11-19,['indiana'],['louisville'],['ohio-state'],['michigan'],['duke'],['syracuse'],['florida'],['kentucky'],['north-carolina'],['arizona'],['ucla'],['kansas'],['missouri'],['creighton'],['michigan-state'],['north-carolina-state'],['gonzaga'],['nevada-las-vegas'],['memphis'],['oklahoma-state'],['connecticut'],['cincinnati'],['colorado'],['baylor'],['san-diego-state']
2012-11-26,['indiana'],['duke'],['michigan'],['ohio-state'],['louisville'],['syracuse'],['florida'],['kentucky'],['arizona'],['kansas'],['creighton'],['gonzaga'],['michigan-state'],['north-carolina'],['oklahoma-state'],['missouri'],['cincinnati'],['north-carolina-state'],['colorado'],['georgetown'],['minnesota'],['illinois'],['san-diego-state'],['nevada-las-vegas'],['new-mexico']
2012-12-03,['indiana'],['duke'],['michigan'],['syracuse'],['louisville'],['florida'],['ohio-state'],['arizona'],['kansas'],['gonzaga'],['cincinnati'],['missouri'],['illinois'],['minnesota'],['georgetown'],['creighton'],['san-diego-state'],['new-mexico'],['michigan-state'],['north-carolina'],['nevada-las-vegas'],['notre-dame'],['oklahoma-state'],['wichita-state'],['north-carolina-state']
2012-12-10,['indiana'],['duke'],['michigan'],['syracuse'],['florida'],['louisville'],['ohio-state'],['arizona'],['kansas'],['illinois'],['cincinnati'],['missouri'],['minnesota'],['gonzaga'],['georgetown'],['creighton'],['new-mexico'],['san-diego-state'],['michigan-state'],['nevada-las-vegas'],['north-carolina'],['notre-dame'],['wichita-state'],['oklahoma-state'],['north-carolina-state']
2012-12-17,['duke'],['michigan'],['syracuse'],['arizona'],['louisville'],['indiana'],['ohio-state'],['florida'],['kansas'],['illinois'],['cincinnati'],['missouri'],['minnesota'],['gonzaga'],['georgetown'],['new-mexico'],['creighton'],['san-diego-state'],['butler'],['michigan-state'],['nevada-las-vegas'],['notre-dame'],['north-carolina'],['oklahoma-state'],['north-carolina-state']
2012-12-24,['duke'],['michigan'],['arizona'],['louisville'],['indiana'],['kansas'],['missouri'],['cincinnati'],['syracuse'],['ohio-state'],['minnesota'],['illinois'],['gonzaga'],['florida'],['georgetown'],['creighton'],['san-diego-state'],['butler'],['michigan-state'],['nevada-las-vegas'],['notre-dame'],['oklahoma-state'],['north-carolina-state'],['pittsburgh'],['kansas-state']
2012-12-31,['duke'],['michigan'],['arizona'],['louisville'],['indiana'],['kansas'],['syracuse'],['ohio-state'],['minnesota'],['gonzaga'],['illinois'],['missouri'],['florida'],['cincinnati'],['georgetown'],['creighton'],['butler'],['michigan-state'],['san-diego-state'],['new-mexico'],['notre-dame'],['oklahoma-state'],['north-carolina-state'],['pittsburgh'],['kansas-state']
2013-01-07,['duke'],['michigan'],['louisville'],['arizona'],['indiana'],['kansas'],['syracuse'],['minnesota'],['gonzaga'],['missouri'],['florida'],['illinois'],['creighton'],['butler'],['ohio-state'],['san-diego-state'],['notre-dame'],['kansas-state'],['georgetown'],['north-carolina-state'],['cincinnati'],['michigan-state'],['wichita-state'],['nevada-las-vegas'],['new-mexico']
2013-01-14,['louisville'],['indiana'],['duke'],['kansas'],['michigan'],['syracuse'],['arizona'],['gonzaga'],['minnesota'],['florida'],['ohio-state'],['creighton'],['butler'],['north-carolina-state'],['san-diego-state'],['kansas-state'],['missouri'],['michigan-state'],['new-mexico'],['notre-dame'],['oregon'],['virginia-commonwealth'],['illinois'],['ucla'],['marquette']
2013-01-21,['duke'],['michigan'],"['kansas', 'syracuse']",[],['louisville'],['arizona'],['indiana'],['florida'],['butler'],['gonzaga'],['kansas-state'],['minnesota'],['michigan-state'],['ohio-state'],['new-mexico'],['oregon'],['creighton'],['north-carolina-state'],['virginia-commonwealth'],['wichita-state'],['cincinnati'],['missouri'],['mississippi'],['notre-dame'],['miami-fl']
2013-01-28,['michigan'],['kansas'],['indiana'],['florida'],['duke'],['syracuse'],['gonzaga'],['arizona'],['butler'],['oregon'],['ohio-state'],['louisville'],['michigan-state'],['miami-fl'],['wichita-state'],['mississippi'],['missouri'],['kansas-state'],['north-carolina-state'],['new-mexico'],['creighton'],['san-diego-state'],['minnesota'],['cincinnati'],['marquette']
2013-02-04,['indiana'],['florida'],['michigan'],['duke'],['kansas'],['gonzaga'],['arizona'],['miami-fl'],['syracuse'],['ohio-state'],['louisville'],['michigan-state'],['kansas-state'],['butler'],['new-mexico'],['creighton'],['cincinnati'],['minnesota'],['oregon'],['georgetown'],['missouri'],['oklahoma-state'],['pittsburgh'],['marquette'],['notre-dame']
2013-02-11,['indiana'],['duke'],['miami-fl'],['michigan'],['gonzaga'],['syracuse'],['florida'],['michigan-state'],['arizona'],['kansas-state'],['butler'],['louisville'],['ohio-state'],['kansas'],['georgetown'],['pittsburgh'],['oklahoma-state'],['marquette'],['new-mexico'],['wisconsin'],['notre-dame'],['memphis'],['oregon'],['colorado-state'],['kentucky']
2013-02-18,['indiana'],['miami-fl'],['gonzaga'],['michigan-state'],['florida'],['duke'],['michigan'],['syracuse'],['kansas'],['louisville'],['georgetown'],['arizona'],['kansas-state'],['oklahoma-state'],['butler'],['new-mexico'],['marquette'],['ohio-state'],['wisconsin'],['pittsburgh'],['memphis'],['colorado-state'],['oregon'],['virginia-commonwealth'],['notre-dame']
2013-02-25,['indiana'],['gonzaga'],['duke'],['michigan'],['miami-fl'],['kansas'],['georgetown'],['florida'],['michigan-state'],['louisville'],['arizona'],['syracuse'],['kansas-state'],['new-mexico'],['oklahoma-state'],['ohio-state'],['wisconsin'],['saint-louis'],['memphis'],['butler'],['notre-dame'],['marquette'],['pittsburgh'],['oregon'],['louisiana-tech']
2013-03-04,['gonzaga'],['indiana'],['duke'],['kansas'],['georgetown'],['miami-fl'],['michigan'],['louisville'],['kansas-state'],['michigan-state'],['florida'],['new-mexico'],['oklahoma-state'],['ohio-state'],['marquette'],['saint-louis'],['syracuse'],['arizona'],['oregon'],['pittsburgh'],['virginia-commonwealth'],['wisconsin'],['ucla'],['notre-dame'],['memphis']
2013-03-11,['gonzaga'],['duke'],['indiana'],['louisville'],['georgetown'],['michigan'],['kansas'],['michigan-state'],['miami-fl'],['ohio-state'],['kansas-state'],['marquette'],['florida'],['oklahoma-state'],['new-mexico'],['saint-louis'],['pittsburgh'],['arizona'],['syracuse'],['memphis'],['ucla'],['wisconsin'],['creighton'],['notre-dame'],['virginia-commonwealth']
2013-05-01,['gonzaga'],['louisville'],['kansas'],['indiana'],['miami-fl'],['duke'],['ohio-state'],['georgetown'],['michigan-state'],"['michigan', 'new-mexico']",[],['kansas-state'],['saint-louis'],['florida'],['marquette'],['syracuse'],['oklahoma-state'],['wisconsin'],['memphis'],['pittsburgh'],['arizona'],['creighton'],['notre-dame'],['ucla'],['oregon']
2013-10-01,['kentucky'],['michigan-state'],['louisville'],['duke'],['kansas'],['arizona'],['michigan'],['syracuse'],['oklahoma-state'],['florida'],['ohio-state'],['north-carolina'],['memphis'],['virginia-commonwealth'],['gonzaga'],['wichita-state'],['marquette'],['connecticut'],['oregon'],['wisconsin'],['notre-dame'],['ucla'],['new-mexico'],['virginia'],['baylor']
2013-11-11,['kentucky'],['michigan-state'],['louisville'],['duke'],['kansas'],['arizona'],['michigan'],['oklahoma-state'],['syracuse'],['ohio-state'],['florida'],['north-carolina'],['memphis'],['virginia-commonwealth'],['gonzaga'],['wichita-state'],['marquette'],['oregon'],['connecticut'],['wisconsin'],['notre-dame'],['new-mexico'],['baylor'],['ucla'],['virginia']
2013-11-18,['michigan-state'],['kansas'],['louisville'],['kentucky'],['arizona'],['duke'],['oklahoma-state'],['ohio-state'],['syracuse'],['virginia-commonwealth'],['memphis'],['wisconsin'],['gonzaga'],['wichita-state'],['michigan'],['florida'],['oregon'],['connecticut'],['new-mexico'],['baylor'],['iowa-state'],['ucla'],['creighton'],['north-carolina'],['marquette']
2013-11-25,['michigan-state'],['kansas'],['kentucky'],['arizona'],['oklahoma-state'],['duke'],['ohio-state'],['syracuse'],['louisville'],['wisconsin'],['gonzaga'],['wichita-state'],['connecticut'],['oregon'],['florida'],['north-carolina'],['iowa-state'],['baylor'],['ucla'],['creighton'],['memphis'],['michigan'],['iowa'],['massachusetts'],['marquette']
2013-12-02,['michigan-state'],['arizona'],['kentucky'],['syracuse'],['ohio-state'],['kansas'],['louisville'],['wisconsin'],['oklahoma-state'],['duke'],['wichita-state'],['connecticut'],['oregon'],['villanova'],['florida'],['memphis'],['iowa-state'],['ucla'],['gonzaga'],['baylor'],['massachusetts'],['michigan'],['iowa'],['san-diego-state'],['dayton']
2013-12-09,['arizona'],['syracuse'],['ohio-state'],['wisconsin'],['michigan-state'],['louisville'],['oklahoma-state'],['duke'],['connecticut'],['villanova'],['kentucky'],['wichita-state'],['kansas'],['baylor'],['oregon'],['memphis'],['iowa-state'],['north-carolina'],['florida'],['gonzaga'],['colorado'],['massachusetts'],['iowa'],['missouri'],['san-diego-state']
2013-12-16,['arizona'],['syracuse'],['ohio-state'],['wisconsin'],['michigan-state'],['louisville'],['oklahoma-state'],"['duke', 'villanova']",[],['connecticut'],['wichita-state'],['baylor'],['oregon'],['north-carolina'],['memphis'],['florida'],['iowa-state'],['kansas'],['kentucky'],['colorado'],['gonzaga'],['massachusetts'],['missouri'],['san-diego-state'],['iowa']
2013-12-23,['arizona'],['syracuse'],['ohio-state'],['wisconsin'],['michigan-state'],['louisville'],['oklahoma-state'],"['duke', 'villanova']",[],['wichita-state'],['baylor'],['oregon'],['florida'],['iowa-state'],['connecticut'],['kansas'],['memphis'],['kentucky'],['north-carolina'],['san-diego-state'],['colorado'],['iowa'],['massachusetts'],['gonzaga'],['missouri']
2013-12-30,['arizona'],['syracuse'],['ohio-state'],['wisconsin'],['michigan-state'],['oklahoma-state'],['duke'],['wichita-state'],['baylor'],['oregon'],['villanova'],['florida'],['iowa-state'],['louisville'],['kentucky'],['kansas'],['connecticut'],['memphis'],['north-carolina'],['colorado'],['san-diego-state'],['iowa'],['massachusetts'],['gonzaga'],['missouri']
2014-01-06,['arizona'],['syracuse'],['ohio-state'],['wisconsin'],['michigan-state'],['wichita-state'],['baylor'],['villanova'],['iowa-state'],['florida'],['oklahoma-state'],['louisville'],['san-diego-state'],['kentucky'],['colorado'],['duke'],['oregon'],['kansas'],['massachusetts'],['iowa'],['missouri'],['gonzaga'],['illinois'],['memphis'],['kansas-state']
2014-01-13,['arizona'],['syracuse'],['wisconsin'],['michigan-state'],['wichita-state'],['villanova'],['florida'],['iowa-state'],['oklahoma-state'],['san-diego-state'],['ohio-state'],['baylor'],['kentucky'],['iowa'],['kansas'],['massachusetts'],['memphis'],['louisville'],['cincinnati'],['creighton'],['colorado'],['pittsburgh'],['duke'],['saint-louis'],['oklahoma']
2014-01-20,['arizona'],['syracuse'],['michigan-state'],['villanova'],['wichita-state'],['florida'],['san-diego-state'],['kansas'],['wisconsin'],['iowa'],['oklahoma-state'],['louisville'],['massachusetts'],['kentucky'],['cincinnati'],['iowa-state'],['ohio-state'],['duke'],['saint-louis'],['pittsburgh'],['michigan'],['kansas-state'],['memphis'],['baylor'],['oklahoma']
2014-01-27,['arizona'],['syracuse'],['florida'],['wichita-state'],['san-diego-state'],['kansas'],['michigan-state'],['oklahoma-state'],['villanova'],['michigan'],['kentucky'],['louisville'],['cincinnati'],['wisconsin'],['iowa'],['iowa-state'],['duke'],['pittsburgh'],['saint-louis'],['creighton'],['massachusetts'],['memphis'],['oklahoma'],['ohio-state'],['texas']
2014-02-03,['syracuse'],['arizona'],['florida'],['wichita-state'],['san-diego-state'],['villanova'],['cincinnati'],['kansas'],['michigan-state'],['michigan'],['duke'],['creighton'],['saint-louis'],['louisville'],['texas'],['iowa-state'],['iowa'],['kentucky'],['oklahoma-state'],['virginia'],['oklahoma'],['connecticut'],['gonzaga'],['memphis'],['pittsburgh']
2014-02-10,['syracuse'],['arizona'],['florida'],['wichita-state'],['san-diego-state'],['villanova'],['kansas'],['duke'],['michigan-state'],['cincinnati'],['iowa-state'],['saint-louis'],['louisville'],['kentucky'],['michigan'],['iowa'],['virginia'],['creighton'],['texas'],['memphis'],['wisconsin'],['ohio-state'],['southern-methodist'],['connecticut'],['pittsburgh']
2014-02-17,['syracuse'],['florida'],['wichita-state'],['arizona'],['duke'],['san-diego-state'],['cincinnati'],['kansas'],['villanova'],['saint-louis'],['louisville'],['creighton'],['michigan-state'],['virginia'],['iowa'],['wisconsin'],['iowa-state'],['kentucky'],['texas'],['michigan'],['connecticut'],['memphis'],['ucla'],['ohio-state'],['gonzaga']
2014-02-24,['florida'],['wichita-state'],['arizona'],['syracuse'],['kansas'],['duke'],['louisville'],['villanova'],['creighton'],['saint-louis'],['cincinnati'],['virginia'],['san-diego-state'],['wisconsin'],['iowa-state'],['michigan'],['kentucky'],['michigan-state'],['north-carolina'],['iowa'],['memphis'],['ohio-state'],['southern-methodist'],['texas'],['new-mexico']
2014-03-03,['florida'],['wichita-state'],['arizona'],['duke'],['virginia'],['villanova'],['syracuse'],['kansas'],['wisconsin'],['san-diego-state'],['louisville'],['michigan'],['creighton'],['north-carolina'],['cincinnati'],['iowa-state'],['saint-louis'],['southern-methodist'],['connecticut'],['memphis'],['new-mexico'],['michigan-state'],['oklahoma'],['iowa'],['kentucky']
2014-03-10,['florida'],['wichita-state'],['villanova'],['arizona'],['louisville'],['virginia'],['duke'],['michigan'],['san-diego-state'],['kansas'],['syracuse'],['wisconsin'],['cincinnati'],['creighton'],['north-carolina'],['iowa-state'],['oklahoma'],['saint-louis'],['memphis'],['new-mexico'],['connecticut'],['michigan-state'],['virginia-commonwealth'],['ohio-state'],['southern-methodist']
2014-05-01,['florida'],['wichita-state'],['virginia'],['arizona'],['louisville'],['villanova'],['michigan'],['duke'],['iowa-state'],['kansas'],['michigan-state'],['wisconsin'],['san-diego-state'],['syracuse'],['cincinnati'],['creighton'],['new-mexico'],['connecticut'],['north-carolina'],['ucla'],['oklahoma'],['ohio-state'],['baylor'],['virginia-commonwealth'],['saint-louis']
2014-10-01,['kentucky'],['arizona'],['wisconsin'],['duke'],['kansas'],['north-carolina'],['florida'],['louisville'],['virginia'],['texas'],['wichita-state'],['villanova'],['gonzaga'],['iowa-state'],['virginia-commonwealth'],['san-diego-state'],['connecticut'],['michigan-state'],['oklahoma'],['ohio-state'],['nebraska'],['southern-methodist'],['syracuse'],['michigan'],"['harvard', 'utah']"
2014-11-17,['kentucky'],['arizona'],['wisconsin'],['duke'],['kansas'],['north-carolina'],['louisville'],['florida'],['virginia'],['texas'],['wichita-state'],['villanova'],['gonzaga'],['iowa-state'],['virginia-commonwealth'],['san-diego-state'],['connecticut'],['oklahoma'],['michigan-state'],['ohio-state'],['nebraska'],['southern-methodist'],['syracuse'],['michigan'],['utah']
2014-11-24,['kentucky'],['wisconsin'],['arizona'],['duke'],['north-carolina'],['louisville'],['texas'],['virginia'],['wichita-state'],['gonzaga'],['kansas'],['villanova'],['iowa-state'],['virginia-commonwealth'],['san-diego-state'],['ohio-state'],['miami-fl'],['florida'],['michigan'],['michigan-state'],['west-virginia'],['ucla'],['creighton'],['connecticut'],['arkansas']
2014-12-01,['kentucky'],['wisconsin'],['arizona'],['duke'],['louisville'],['texas'],['virginia'],['wichita-state'],['gonzaga'],['villanova'],['kansas'],['north-carolina'],['san-diego-state'],['ohio-state'],['miami-fl'],['west-virginia'],['michigan'],['arkansas'],['michigan-state'],['iowa-state'],['maryland'],['oklahoma'],['butler'],['illinois'],['utah']
2014-12-08,['kentucky'],['duke'],['arizona'],['louisville'],['wisconsin'],['virginia'],['villanova'],['texas'],['gonzaga'],['kansas'],['wichita-state'],['ohio-state'],['utah'],['iowa-state'],['butler'],['oklahoma'],['washington'],['san-diego-state'],['maryland'],['miami-fl'],['north-carolina'],['west-virginia'],['northern-iowa'],['st-johns-ny'],['notre-dame']
2014-12-15,['kentucky'],['duke'],['arizona'],['louisville'],['wisconsin'],['virginia'],['villanova'],['gonzaga'],['texas'],['kansas'],['wichita-state'],['ohio-state'],['iowa-state'],['utah'],['oklahoma'],['washington'],['maryland'],['miami-fl'],['san-diego-state'],['st-johns-ny'],['notre-dame'],['west-virginia'],['butler'],['north-carolina'],['michigan-state']
2014-12-22,['kentucky'],['duke'],['arizona'],['louisville'],['virginia'],['wisconsin'],['villanova'],['gonzaga'],['texas'],['kansas'],['wichita-state'],['iowa-state'],['washington'],['utah'],['maryland'],['notre-dame'],['st-johns-ny'],['west-virginia'],['oklahoma'],['north-carolina'],['ohio-state'],['baylor'],['northern-iowa'],['colorado-state'],['texas-christian']
2014-12-29,['kentucky'],['duke'],['virginia'],['wisconsin'],['louisville'],['villanova'],['gonzaga'],['arizona'],['iowa-state'],['utah'],['texas'],['maryland'],['kansas'],['notre-dame'],['st-johns-ny'],['wichita-state'],['west-virginia'],['oklahoma'],['north-carolina'],['ohio-state'],['washington'],['baylor'],['northern-iowa'],['colorado-state'],['georgetown']
2015-01-05,['kentucky'],['duke'],['virginia'],['wisconsin'],['louisville'],['gonzaga'],['arizona'],['villanova'],['utah'],['texas'],['maryland'],['kansas'],['notre-dame'],['west-virginia'],['wichita-state'],['oklahoma'],['iowa-state'],['north-carolina'],['seton-hall'],['virginia-commonwealth'],['baylor'],['ohio-state'],['arkansas'],['st-johns-ny'],['old-dominion']
2015-01-12,['kentucky'],['virginia'],['gonzaga'],['duke'],['villanova'],['louisville'],['wisconsin'],['utah'],['kansas'],['arizona'],['iowa-state'],['notre-dame'],['wichita-state'],['maryland'],['north-carolina'],['west-virginia'],['virginia-commonwealth'],['oklahoma'],['arkansas'],['texas'],['seton-hall'],['baylor'],['northern-iowa'],['oklahoma-state'],['wyoming']
2015-01-19,['kentucky'],['virginia'],['gonzaga'],['villanova'],['duke'],['wisconsin'],['arizona'],['notre-dame'],['iowa-state'],['louisville'],['kansas'],['utah'],['maryland'],['wichita-state'],['north-carolina'],['virginia-commonwealth'],['texas'],['west-virginia'],['oklahoma'],['northern-iowa'],['baylor'],['dayton'],['indiana'],['seton-hall'],['iowa']
2015-01-26,['kentucky'],['virginia'],['gonzaga'],['duke'],['wisconsin'],['arizona'],['villanova'],['notre-dame'],['kansas'],['louisville'],['utah'],['wichita-state'],['north-carolina'],['virginia-commonwealth'],['iowa-state'],['maryland'],['west-virginia'],['northern-iowa'],['texas'],['baylor'],['georgetown'],['indiana'],['miami-fl'],['oklahoma'],['butler']
2015-02-02,['kentucky'],['gonzaga'],['virginia'],['duke'],['wisconsin'],['arizona'],['villanova'],['kansas'],['louisville'],['notre-dame'],['iowa-state'],['north-carolina'],['utah'],['northern-iowa'],['west-virginia'],['wichita-state'],['maryland'],['virginia-commonwealth'],['baylor'],['ohio-state'],['oklahoma'],['butler'],['southern-methodist'],['georgetown'],['texas']
2015-02-09,['kentucky'],['virginia'],['gonzaga'],['duke'],['wisconsin'],['villanova'],['arizona'],['kansas'],['louisville'],['notre-dame'],['utah'],['north-carolina'],['northern-iowa'],['iowa-state'],['wichita-state'],['baylor'],['oklahoma'],['butler'],['maryland'],['virginia-commonwealth'],['west-virginia'],['oklahoma-state'],['ohio-state'],['arkansas'],['southern-methodist']
2015-02-16,['kentucky'],['virginia'],['gonzaga'],['duke'],['wisconsin'],['villanova'],['arizona'],['kansas'],['utah'],['notre-dame'],['northern-iowa'],['louisville'],['wichita-state'],['iowa-state'],['north-carolina'],['maryland'],['oklahoma'],['arkansas'],['butler'],['baylor'],['southern-methodist'],['oklahoma-state'],['west-virginia'],['ohio-state'],['virginia-commonwealth']
2015-02-23,['kentucky'],['virginia'],['gonzaga'],['duke'],['wisconsin'],['villanova'],['arizona'],['kansas'],['notre-dame'],['northern-iowa'],['wichita-state'],['iowa-state'],['utah'],['maryland'],['north-carolina'],['oklahoma'],['louisville'],['arkansas'],['baylor'],['west-virginia'],['southern-methodist'],['virginia-commonwealth'],['butler'],['san-diego-state'],['providence']
2015-03-02,['kentucky'],['virginia'],['duke'],['villanova'],['arizona'],['wisconsin'],['gonzaga'],['wichita-state'],['kansas'],['maryland'],['northern-iowa'],['notre-dame'],['utah'],['baylor'],['oklahoma'],['louisville'],['iowa-state'],['arkansas'],['north-carolina'],['west-virginia'],['butler'],['southern-methodist'],['ohio-state'],['providence'],['murray-state']
2015-03-09,['kentucky'],['duke'],['virginia'],['villanova'],['arizona'],['wisconsin'],['gonzaga'],['maryland'],['kansas'],['northern-iowa'],['notre-dame'],['wichita-state'],['iowa-state'],['louisville'],['oklahoma'],['baylor'],['utah'],['west-virginia'],['north-carolina'],['southern-methodist'],['arkansas'],['butler'],['georgetown'],['davidson'],['boise-state']
2015-05-01,['kentucky'],['villanova'],['wisconsin'],['duke'],['arizona'],['virginia'],['gonzaga'],['notre-dame'],['iowa-state'],['kansas'],['northern-iowa'],['maryland'],['oklahoma'],['wichita-state'],['north-carolina'],['baylor'],['louisville'],['southern-methodist'],['utah'],['west-virginia'],['arkansas'],['georgetown'],['michigan-state'],['butler'],['virginia-commonwealth']
2015-10-01,['north-carolina'],['kentucky'],['maryland'],['kansas'],['duke'],['virginia'],['iowa-state'],['oklahoma'],['gonzaga'],['wichita-state'],['villanova'],['arizona'],['michigan-state'],['california'],['indiana'],['utah'],['wisconsin'],['vanderbilt'],['notre-dame'],['connecticut'],['louisiana-state'],['baylor'],['purdue'],['butler'],['michigan']
2015-11-16,['north-carolina'],['kentucky'],['maryland'],['kansas'],['duke'],['virginia'],['iowa-state'],['oklahoma'],['wichita-state'],['gonzaga'],['villanova'],['arizona'],['michigan-state'],['indiana'],['california'],['utah'],['vanderbilt'],['notre-dame'],['connecticut'],['baylor'],['purdue'],['butler'],['louisiana-state'],['michigan'],['oregon']
2015-11-23,['kentucky'],['maryland'],['michigan-state'],['iowa-state'],['kansas'],['duke'],['oklahoma'],['villanova'],['north-carolina'],['gonzaga'],['arizona'],['virginia'],['indiana'],['california'],['miami-fl'],['purdue'],['notre-dame'],['connecticut'],['vanderbilt'],['wichita-state'],['oregon'],['louisiana-state'],['xavier'],['cincinnati'],"['southern-methodist', 'texas-am']"
2015-11-30,['kentucky'],['maryland'],['michigan-state'],['kansas'],['iowa-state'],['oklahoma'],['duke'],['villanova'],['north-carolina'],['virginia'],['purdue'],['xavier'],['gonzaga'],['syracuse'],['oregon'],['vanderbilt'],['cincinnati'],['texas-am'],['arizona'],['west-virginia'],['miami-fl'],['southern-methodist'],['providence'],['louisville'],['baylor']
2015-12-07,['michigan-state'],['kansas'],['north-carolina'],['iowa-state'],['kentucky'],['maryland'],['oklahoma'],['duke'],['villanova'],['virginia'],['purdue'],['xavier'],['arizona'],['west-virginia'],['providence'],['baylor'],['miami-fl'],['butler'],['southern-methodist'],['gonzaga'],['vanderbilt'],['louisville'],['cincinnati'],['oregon'],['utah']
2015-12-14,['michigan-state'],['kansas'],['oklahoma'],['kentucky'],['iowa-state'],['maryland'],['duke'],['virginia'],['purdue'],['xavier'],['north-carolina'],['villanova'],['arizona'],['providence'],['miami-fl'],['baylor'],['butler'],['southern-methodist'],['louisville'],['west-virginia'],['george-washington'],['ucla'],['cincinnati'],['texas-am'],['connecticut']
2015-12-21,['michigan-state'],['kansas'],['oklahoma'],['maryland'],['virginia'],['xavier'],['north-carolina'],['arizona'],['butler'],['providence'],['iowa-state'],['kentucky'],['miami-fl'],['purdue'],['duke'],['louisville'],['villanova'],['southern-methodist'],['west-virginia'],['george-washington'],['texas-am'],['cincinnati'],['baylor'],['utah'],['south-carolina']
2015-12-28,['michigan-state'],['kansas'],['oklahoma'],['maryland'],['virginia'],['xavier'],['north-carolina'],['arizona'],['butler'],['kentucky'],['iowa-state'],['providence'],['miami-fl'],['purdue'],['duke'],['villanova'],['southern-methodist'],['louisville'],['west-virginia'],['texas-am'],['utah'],['cincinnati'],['baylor'],['south-carolina'],['ucla']
2016-01-04,['kansas'],['oklahoma'],['maryland'],['virginia'],['michigan-state'],['north-carolina'],['arizona'],['providence'],['kentucky'],['xavier'],['villanova'],['miami-fl'],['iowa-state'],['duke'],['southern-methodist'],['louisville'],['west-virginia'],['butler'],['iowa'],['purdue'],['texas-am'],['south-carolina'],['connecticut'],['pittsburgh'],['dayton']
2016-01-11,['kansas'],['oklahoma'],['maryland'],['michigan-state'],['north-carolina'],['villanova'],['xavier'],['miami-fl'],['duke'],['southern-methodist'],['west-virginia'],['providence'],['virginia'],['kentucky'],['texas-am'],['iowa'],['iowa-state'],['arizona'],['south-carolina'],['pittsburgh'],['louisville'],['baylor'],['butler'],['purdue'],['gonzaga']
2016-01-18,['oklahoma'],['north-carolina'],['kansas'],['villanova'],['xavier'],['west-virginia'],['maryland'],['southern-methodist'],['iowa'],['texas-am'],['michigan-state'],['arizona'],['virginia'],['baylor'],['miami-fl'],['providence'],['louisville'],['butler'],['iowa-state'],['duke'],['southern-california'],['purdue'],['kentucky'],['south-carolina'],['indiana']
2016-01-25,['oklahoma'],['north-carolina'],['iowa'],['kansas'],['texas-am'],['villanova'],['xavier'],['maryland'],['west-virginia'],['providence'],['virginia'],['michigan-state'],['southern-methodist'],['iowa-state'],['miami-fl'],['louisville'],['baylor'],['arizona'],['indiana'],['kentucky'],['purdue'],['wichita-state'],['oregon'],['duke'],['notre-dame']
2016-02-01,['oklahoma'],['north-carolina'],['villanova'],['maryland'],['iowa'],['xavier'],['kansas'],['texas-am'],['virginia'],['michigan-state'],['providence'],['southern-methodist'],['iowa-state'],['west-virginia'],['baylor'],['oregon'],['miami-fl'],['purdue'],['louisville'],['kentucky'],['wichita-state'],['indiana'],['arizona'],['dayton'],['south-carolina']
2016-02-08,['villanova'],['maryland'],['oklahoma'],['iowa'],['xavier'],['kansas'],['virginia'],['michigan-state'],['north-carolina'],['west-virginia'],['oregon'],['miami-fl'],['louisville'],['iowa-state'],['texas-am'],['southern-methodist'],['arizona'],['purdue'],['dayton'],['providence'],['baylor'],['kentucky'],['southern-california'],['texas'],['wichita-state']
2016-02-15,['villanova'],['kansas'],['oklahoma'],['iowa'],['north-carolina'],['maryland'],['virginia'],"['michigan-state', 'xavier']",[],['west-virginia'],['miami-fl'],['arizona'],['iowa-state'],['kentucky'],['dayton'],['oregon'],['purdue'],['louisville'],['notre-dame'],['duke'],['southern-methodist'],['indiana'],['providence'],['texas'],['baylor']
2016-02-22,['villanova'],['kansas'],"['oklahoma', 'virginia']",[],['xavier'],['michigan-state'],['north-carolina'],"['arizona', 'iowa']",[],['maryland'],['louisville'],['miami-fl'],['oregon'],['west-virginia'],['duke'],['kentucky'],['iowa-state'],['indiana'],['baylor'],['purdue'],['texas-am'],['utah'],['notre-dame'],['southern-methodist'],['texas']
2016-02-29,['kansas'],['michigan-state'],['villanova'],['virginia'],['xavier'],['oklahoma'],['miami-fl'],['north-carolina'],['oregon'],['west-virginia'],['louisville'],['indiana'],['utah'],['maryland'],['purdue'],['iowa'],['duke'],['arizona'],['baylor'],['texas-am'],['iowa-state'],['kentucky'],['texas'],['southern-methodist'],['california']
2016-03-07,['kansas'],['michigan-state'],['villanova'],['virginia'],['xavier'],['oklahoma'],['north-carolina'],['oregon'],['west-virginia'],['indiana'],['miami-fl'],['utah'],['purdue'],['louisville'],['arizona'],['kentucky'],['texas-am'],['maryland'],['duke'],['iowa'],['iowa-state'],['baylor'],['texas'],['california'],['southern-methodist']
2016-05-01,['kansas'],['michigan-state'],['north-carolina'],['virginia'],['oregon'],['villanova'],['oklahoma'],['west-virginia'],['xavier'],"['kentucky', 'miami-fl']",[],['purdue'],['utah'],['indiana'],['texas-am'],['louisville'],['arizona'],['maryland'],['duke'],['seton-hall'],['baylor'],['iowa-state'],['california'],['southern-methodist'],['iowa']
2016-10-01,['duke'],['kentucky'],['kansas'],['villanova'],['oregon'],['north-carolina'],['xavier'],['virginia'],['wisconsin'],['arizona'],['indiana'],['michigan-state'],['louisville'],['gonzaga'],['purdue'],['ucla'],['saint-marys-ca'],['connecticut'],['syracuse'],['west-virginia'],['texas'],['creighton'],['rhode-island'],['iowa-state'],['maryland']
2016-11-14,['duke'],['kentucky'],['villanova'],['oregon'],['north-carolina'],['indiana'],['kansas'],['virginia'],['wisconsin'],['arizona'],['xavier'],['louisville'],['michigan-state'],['gonzaga'],['purdue'],['ucla'],['saint-marys-ca'],['syracuse'],['west-virginia'],['iowa-state'],['rhode-island'],['creighton'],['texas'],['cincinnati'],['california']
2016-11-21,['kentucky'],['villanova'],['indiana'],['north-carolina'],['kansas'],['duke'],['virginia'],['arizona'],['xavier'],['louisville'],['gonzaga'],['creighton'],['oregon'],['ucla'],['saint-marys-ca'],['wisconsin'],['purdue'],['syracuse'],['west-virginia'],['baylor'],['iowa-state'],['texas'],['rhode-island'],['michigan-state'],"['florida-state', 'michigan']"
2016-11-28,['kentucky'],['villanova'],['north-carolina'],['kansas'],['duke'],['virginia'],['xavier'],['gonzaga'],['baylor'],['creighton'],['ucla'],['saint-marys-ca'],['indiana'],['louisville'],['purdue'],['arizona'],['wisconsin'],['butler'],['iowa-state'],['south-carolina'],['rhode-island'],['syracuse'],['oregon'],['florida'],['west-virginia']
2016-12-05,['villanova'],['ucla'],['kansas'],['baylor'],['duke'],['kentucky'],['north-carolina'],['gonzaga'],['indiana'],['creighton'],['louisville'],['saint-marys-ca'],['xavier'],['virginia'],['west-virginia'],['butler'],['wisconsin'],['purdue'],['south-carolina'],['arizona'],['florida'],['cincinnati'],['notre-dame'],['oregon'],['iowa-state']
2016-12-12,['villanova'],['ucla'],['kansas'],['baylor'],['duke'],['kentucky'],['north-carolina'],['gonzaga'],['indiana'],['creighton'],['louisville'],['west-virginia'],['virginia'],['wisconsin'],['purdue'],['south-carolina'],['xavier'],['butler'],['arizona'],['saint-marys-ca'],['notre-dame'],['oregon'],['florida-state'],['southern-california'],['cincinnati']
2016-12-19,['villanova'],['ucla'],['kansas'],['baylor'],['duke'],['kentucky'],['gonzaga'],['north-carolina'],['creighton'],['louisville'],['west-virginia'],['virginia'],['butler'],['wisconsin'],['purdue'],['indiana'],['xavier'],['arizona'],['saint-marys-ca'],['oregon'],['florida-state'],['south-carolina'],['southern-california'],['cincinnati'],['notre-dame']
2016-12-26,['villanova'],['ucla'],['kansas'],['baylor'],['duke'],['louisville'],['gonzaga'],['kentucky'],['north-carolina'],['creighton'],['west-virginia'],['virginia'],['butler'],['wisconsin'],['purdue'],['indiana'],['xavier'],['arizona'],['saint-marys-ca'],['florida-state'],['oregon'],['southern-california'],['cincinnati'],['notre-dame'],['florida']
2017-01-02,['villanova'],['baylor'],['kansas'],['ucla'],['gonzaga'],['kentucky'],['west-virginia'],['duke'],['louisville'],['creighton'],['virginia'],['florida-state'],['wisconsin'],['north-carolina'],['oregon'],['xavier'],['arizona'],['butler'],['saint-marys-ca'],['purdue'],['virginia-tech'],['cincinnati'],['notre-dame'],['florida'],"['indiana', 'southern-california']"
2017-01-09,['baylor'],['kansas'],['villanova'],['ucla'],['gonzaga'],['kentucky'],['duke'],['creighton'],['florida-state'],['west-virginia'],['north-carolina'],['butler'],['oregon'],['louisville'],['xavier'],['arizona'],['purdue'],['wisconsin'],['virginia'],['notre-dame'],['saint-marys-ca'],['cincinnati'],['florida'],['minnesota'],"['kansas-state', 'southern-california']"
2017-01-16,['villanova'],['kansas'],['ucla'],['gonzaga'],['kentucky'],['baylor'],"['creighton', 'west-virginia']",[],['north-carolina'],['florida-state'],['oregon'],['louisville'],['butler'],['arizona'],['notre-dame'],['virginia'],['wisconsin'],['duke'],['florida'],['cincinnati'],['purdue'],['xavier'],['saint-marys-ca'],['south-carolina'],['maryland']
2017-01-23,['villanova'],['kansas'],['gonzaga'],['kentucky'],['baylor'],['florida-state'],['arizona'],['ucla'],['north-carolina'],['oregon'],['butler'],['virginia'],['louisville'],['notre-dame'],['wisconsin'],['creighton'],['duke'],['west-virginia'],['cincinnati'],['purdue'],['saint-marys-ca'],['maryland'],['south-carolina'],['xavier'],['florida']
2017-01-30,['gonzaga'],['baylor'],['kansas'],['villanova'],['arizona'],['louisville'],['west-virginia'],['kentucky'],['virginia'],['wisconsin'],['ucla'],['north-carolina'],['oregon'],['cincinnati'],['florida-state'],['butler'],['maryland'],['saint-marys-ca'],['south-carolina'],['notre-dame'],['duke'],['creighton'],['purdue'],['florida'],['northwestern']
2017-02-06,['gonzaga'],['villanova'],['kansas'],['louisville'],['oregon'],['baylor'],['wisconsin'],['north-carolina'],['arizona'],['ucla'],['cincinnati'],['virginia'],['west-virginia'],['florida-state'],['kentucky'],['purdue'],['florida'],['duke'],['south-carolina'],['saint-marys-ca'],['maryland'],['butler'],['creighton'],['xavier'],['southern-methodist']
2017-02-13,['gonzaga'],['villanova'],['kansas'],['baylor'],['arizona'],['ucla'],['oregon'],['louisville'],['west-virginia'],['north-carolina'],['wisconsin'],['duke'],['kentucky'],['virginia'],['florida'],['purdue'],['florida-state'],['cincinnati'],['southern-methodist'],['creighton'],['south-carolina'],['saint-marys-ca'],['maryland'],['butler'],['notre-dame']
2017-02-20,['gonzaga'],['villanova'],['kansas'],['arizona'],['ucla'],['oregon'],['louisville'],['north-carolina'],['baylor'],['duke'],['kentucky'],['west-virginia'],['florida'],['purdue'],['cincinnati'],['wisconsin'],['southern-methodist'],['virginia'],['florida-state'],['saint-marys-ca'],['notre-dame'],['butler'],['creighton'],['maryland'],['wichita-state']
2017-02-27,['kansas'],['villanova'],['ucla'],['gonzaga'],['north-carolina'],['oregon'],['arizona'],['louisville'],['kentucky'],['west-virginia'],['baylor'],['florida'],['butler'],['southern-methodist'],['florida-state'],['purdue'],['duke'],['cincinnati'],['notre-dame'],['saint-marys-ca'],['wichita-state'],['wisconsin'],['virginia'],['iowa-state'],['miami-fl']
2017-03-06,['kansas'],['villanova'],['ucla'],['gonzaga'],['oregon'],['north-carolina'],['arizona'],['kentucky'],['baylor'],['louisville'],['west-virginia'],['southern-methodist'],['purdue'],['duke'],['cincinnati'],['florida-state'],['florida'],['butler'],['saint-marys-ca'],['wichita-state'],['virginia'],['notre-dame'],['iowa-state'],['wisconsin'],['maryland']
2017-05-01,['villanova'],['gonzaga'],['kansas'],['arizona'],['kentucky'],['north-carolina'],['duke'],['ucla'],['oregon'],['louisville'],['southern-methodist'],['baylor'],['west-virginia'],['notre-dame'],['purdue'],"['florida-state', 'iowa-state']",[],['cincinnati'],['wichita-state'],['florida'],['butler'],['saint-marys-ca'],['michigan'],['virginia'],['wisconsin']
2017-10-01,['duke'],['michigan-state'],['arizona'],['kansas'],['kentucky'],['villanova'],['wichita-state'],['florida'],['north-carolina'],['southern-california'],['west-virginia'],['cincinnati'],['miami-fl'],['notre-dame'],['minnesota'],['louisville'],['xavier'],['gonzaga'],['northwestern'],['purdue'],['ucla'],['saint-marys-ca'],['seton-hall'],['baylor'],['texas-am']
2017-11-13,['duke'],['michigan-state'],['arizona'],['kansas'],['villanova'],['wichita-state'],['kentucky'],['florida'],['north-carolina'],['southern-california'],['miami-fl'],['cincinnati'],['notre-dame'],['minnesota'],['xavier'],['texas-am'],['gonzaga'],['louisville'],['purdue'],['northwestern'],['saint-marys-ca'],['seton-hall'],['ucla'],['west-virginia'],['baylor']
2017-11-20,['duke'],['arizona'],['kansas'],['michigan-state'],['villanova'],['wichita-state'],['florida'],['kentucky'],['north-carolina'],['southern-california'],['miami-fl'],['cincinnati'],['notre-dame'],['minnesota'],['xavier'],['texas-am'],['gonzaga'],['purdue'],['louisville'],['seton-hall'],['saint-marys-ca'],['baylor'],['west-virginia'],['ucla'],['alabama']
2017-11-27,['duke'],['kansas'],['michigan-state'],['villanova'],['notre-dame'],['florida'],['kentucky'],['wichita-state'],['texas-am'],['miami-fl'],['cincinnati'],['minnesota'],['north-carolina'],['southern-california'],['gonzaga'],['baylor'],['louisville'],['virginia'],['west-virginia'],['arizona-state'],['xavier'],['texas-tech'],['texas-christian'],['alabama'],['creighton']
2017-12-04,['duke'],['kansas'],['michigan-state'],['villanova'],['florida'],['wichita-state'],['texas-am'],['kentucky'],['notre-dame'],['miami-fl'],['north-carolina'],['gonzaga'],['xavier'],['minnesota'],['virginia'],['arizona-state'],['cincinnati'],['west-virginia'],['seton-hall'],['texas-christian'],['purdue'],['nevada'],['baylor'],['tennessee'],['southern-california']
2017-12-11,['villanova'],['michigan-state'],['wichita-state'],['duke'],['arizona-state'],['miami-fl'],['north-carolina'],['kentucky'],['texas-am'],['xavier'],['west-virginia'],['gonzaga'],['kansas'],['texas-christian'],['seton-hall'],['virginia'],['purdue'],['notre-dame'],['florida-state'],['tennessee'],['baylor'],['florida'],['arizona'],['texas-tech'],['cincinnati']
2017-12-18,['villanova'],['michigan-state'],['arizona-state'],['duke'],['north-carolina'],['miami-fl'],['kentucky'],['texas-am'],['xavier'],['west-virginia'],['wichita-state'],['gonzaga'],['virginia'],['kansas'],['texas-christian'],['purdue'],['oklahoma'],['arizona'],['baylor'],['cincinnati'],['tennessee'],['texas-tech'],['seton-hall'],['florida-state'],['creighton']
2017-12-25,['villanova'],['michigan-state'],['arizona-state'],['duke'],['texas-am'],['xavier'],['west-virginia'],['wichita-state'],['virginia'],['texas-christian'],['kansas'],['oklahoma'],['north-carolina'],['purdue'],['miami-fl'],['kentucky'],['arizona'],['baylor'],['tennessee'],['gonzaga'],['cincinnati'],['texas-tech'],['seton-hall'],['florida-state'],['creighton']
2018-01-01,['michigan-state'],['duke'],['villanova'],['arizona-state'],['xavier'],['west-virginia'],['oklahoma'],['virginia'],['wichita-state'],['kansas'],['texas-am'],['north-carolina'],['purdue'],['arizona'],['miami-fl'],['texas-christian'],['kentucky'],['texas-tech'],"['cincinnati', 'gonzaga']",[],['seton-hall'],['arkansas'],['tennessee'],['florida-state'],['clemson']
2018-01-08,['villanova'],['west-virginia'],['virginia'],['michigan-state'],['purdue'],['wichita-state'],['duke'],['texas-tech'],['oklahoma'],['xavier'],['arizona-state'],['kansas'],['seton-hall'],['cincinnati'],['gonzaga'],['texas-christian'],['arizona'],['miami-fl'],['clemson'],['north-carolina'],['kentucky'],['auburn'],['florida-state'],['tennessee'],['creighton']
2018-01-15,['villanova'],['virginia'],['purdue'],['oklahoma'],['duke'],['west-virginia'],['wichita-state'],['texas-tech'],['michigan-state'],['kansas'],['xavier'],['cincinnati'],['gonzaga'],['arizona'],['north-carolina'],['arizona-state'],['auburn'],['kentucky'],['seton-hall'],['clemson'],['tennessee'],['ohio-state'],['michigan'],['texas-christian'],['miami-fl']
2018-01-22,['villanova'],['virginia'],['purdue'],['duke'],['kansas'],['michigan-state'],['west-virginia'],['xavier'],['cincinnati'],['north-carolina'],['arizona'],['oklahoma'],['ohio-state'],['texas-tech'],['gonzaga'],['saint-marys-ca'],['wichita-state'],['clemson'],['auburn'],['florida'],['arizona-state'],['tennessee'],['nevada'],['rhode-island'],['michigan']
2018-01-29,['villanova'],['virginia'],['purdue'],['duke'],['michigan-state'],['xavier'],['kansas'],['cincinnati'],['arizona'],['texas-tech'],['auburn'],['oklahoma'],['saint-marys-ca'],['gonzaga'],['west-virginia'],['wichita-state'],['ohio-state'],['tennessee'],['north-carolina'],['clemson'],['kentucky'],['rhode-island'],['florida'],['michigan'],['arizona-state']
2018-02-05,['villanova'],['virginia'],['purdue'],['michigan-state'],['xavier'],['cincinnati'],['texas-tech'],['auburn'],['duke'],['kansas'],['saint-marys-ca'],['gonzaga'],['arizona'],['ohio-state'],['tennessee'],['clemson'],['oklahoma'],['rhode-island'],['west-virginia'],['michigan'],['north-carolina'],['wichita-state'],['nevada'],['kentucky'],['miami-fl']
2018-02-12,['virginia'],['michigan-state'],['villanova'],['xavier'],['cincinnati'],['purdue'],['texas-tech'],['ohio-state'],['gonzaga'],['auburn'],['clemson'],['duke'],['kansas'],['north-carolina'],['saint-marys-ca'],['rhode-island'],['arizona'],['tennessee'],['wichita-state'],['west-virginia'],['texas-am'],['michigan'],['oklahoma'],['nevada'],['arizona-state']
2018-02-19,['virginia'],['michigan-state'],['villanova'],['xavier'],['duke'],"['gonzaga', 'texas-tech']",[],['kansas'],['purdue'],['north-carolina'],['cincinnati'],['auburn'],['wichita-state'],['arizona'],['clemson'],['ohio-state'],['michigan'],['rhode-island'],['tennessee'],['nevada'],['west-virginia'],['saint-marys-ca'],['houston'],['middle-tennessee'],['florida-state']
2018-02-26,['virginia'],['michigan-state'],['xavier'],['villanova'],['duke'],['kansas'],['gonzaga'],['purdue'],['north-carolina'],['cincinnati'],['wichita-state'],['texas-tech'],['ohio-state'],['auburn'],['michigan'],['tennessee'],['rhode-island'],['clemson'],['arizona'],['west-virginia'],['nevada'],['saint-marys-ca'],['kentucky'],['middle-tennessee'],['houston']
2018-03-05,['virginia'],['villanova'],['xavier'],['michigan-state'],['duke'],['gonzaga'],['michigan'],['cincinnati'],['kansas'],['purdue'],['wichita-state'],['north-carolina'],['tennessee'],['texas-tech'],['arizona'],['auburn'],['ohio-state'],['west-virginia'],['clemson'],['saint-marys-ca'],['houston'],['nevada'],['florida'],['miami-fl'],['rhode-island']
2018-05-01,['virginia'],['villanova'],['xavier'],['kansas'],['michigan-state'],['cincinnati'],['michigan'],['gonzaga'],['duke'],['north-carolina'],['purdue'],['arizona'],['tennessee'],['texas-tech'],['west-virginia'],['wichita-state'],['ohio-state'],['kentucky'],['auburn'],['clemson'],['houston'],['miami-fl'],['florida'],['nevada'],['saint-marys-ca']
2018-10-01,['kansas'],['kentucky'],['gonzaga'],['duke'],['virginia'],['tennessee'],['nevada'],['north-carolina'],['villanova'],['michigan-state'],['auburn'],['kansas-state'],['west-virginia'],['oregon'],['virginia-tech'],['syracuse'],['florida-state'],['mississippi-state'],['michigan'],['texas-christian'],['ucla'],['clemson'],['louisiana-state'],['purdue'],['washington']
2018-11-12,['duke'],['kansas'],['gonzaga'],['virginia'],['tennessee'],['nevada'],['north-carolina'],['villanova'],['auburn'],['kentucky'],['michigan-state'],['kansas-state'],['oregon'],['florida-state'],['syracuse'],['virginia-tech'],['mississippi-state'],['michigan'],['clemson'],['ucla'],['texas-christian'],['louisiana-state'],['purdue'],['marquette'],['buffalo']
2018-11-19,['duke'],['kansas'],['gonzaga'],['virginia'],['tennessee'],['nevada'],['north-carolina'],['auburn'],['michigan'],['kentucky'],['michigan-state'],['kansas-state'],['virginia-tech'],['florida-state'],['mississippi-state'],['clemson'],['ucla'],['texas-christian'],['louisiana-state'],['iowa'],['oregon'],['buffalo'],['ohio-state'],['purdue'],['wisconsin']
2018-11-26,['gonzaga'],['kansas'],['duke'],['virginia'],['nevada'],['tennessee'],['michigan'],['auburn'],['michigan-state'],['kentucky'],['north-carolina'],['kansas-state'],['virginia-tech'],['iowa'],['florida-state'],['ohio-state'],['texas'],['oregon'],['purdue'],['texas-tech'],['buffalo'],['wisconsin'],['villanova'],['maryland'],['mississippi-state']
2018-12-03,['gonzaga'],['kansas'],['duke'],['virginia'],['michigan'],['nevada'],['tennessee'],['auburn'],['kentucky'],['michigan-state'],['florida-state'],['wisconsin'],['texas-tech'],['north-carolina'],['virginia-tech'],['kansas-state'],['buffalo'],['iowa'],['ohio-state'],['arizona-state'],['villanova'],['mississippi-state'],['maryland'],['nebraska'],['furman']
2018-12-10,['kansas'],['duke'],['tennessee'],['gonzaga'],['michigan'],['virginia'],['nevada'],['auburn'],['michigan-state'],['florida-state'],['texas-tech'],['north-carolina'],['virginia-tech'],['buffalo'],['ohio-state'],['wisconsin'],['villanova'],['mississippi-state'],['kentucky'],['arizona-state'],['marquette'],['iowa'],['furman'],['houston'],"['indiana', 'kansas-state', 'syracuse']"
2018-12-17,['kansas'],['duke'],['tennessee'],['michigan'],['virginia'],['nevada'],['auburn'],['gonzaga'],['north-carolina'],['michigan-state'],['florida-state'],['texas-tech'],['virginia-tech'],['buffalo'],['ohio-state'],['wisconsin'],['mississippi-state'],['arizona-state'],['kentucky'],['marquette'],['houston'],['indiana'],['iowa'],['furman'],['nebraska']
2018-12-24,['duke'],['michigan'],['tennessee'],['virginia'],['kansas'],['nevada'],['gonzaga'],['michigan-state'],['florida-state'],['virginia-tech'],['texas-tech'],['auburn'],['ohio-state'],['north-carolina'],['wisconsin'],['kentucky'],['arizona-state'],['marquette'],['mississippi-state'],['north-carolina-state'],['buffalo'],['houston'],['indiana'],['iowa'],['oklahoma']
2018-12-31,['duke'],['michigan'],['tennessee'],['virginia'],['kansas'],['nevada'],['gonzaga'],['michigan-state'],['florida-state'],['virginia-tech'],['texas-tech'],['auburn'],['kentucky'],['ohio-state'],['north-carolina'],['marquette'],['mississippi-state'],['north-carolina-state'],['houston'],['buffalo'],['indiana'],['wisconsin'],['oklahoma'],['nebraska'],['iowa']
2019-01-07,['duke'],['michigan'],['tennessee'],['virginia'],['gonzaga'],['michigan-state'],['kansas'],['texas-tech'],['virginia-tech'],['nevada'],['auburn'],['north-carolina'],['florida-state'],['mississippi-state'],['north-carolina-state'],['ohio-state'],['houston'],['kentucky'],['buffalo'],['iowa-state'],['marquette'],['indiana'],['oklahoma'],['st-johns-ny'],['texas-christian']
2019-01-14,['duke'],['michigan'],['tennessee'],['virginia'],['gonzaga'],['michigan-state'],['kansas'],['texas-tech'],['virginia-tech'],['nevada'],['florida-state'],['kentucky'],['north-carolina'],['auburn'],['marquette'],['buffalo'],['north-carolina-state'],['mississippi'],['maryland'],['oklahoma'],['houston'],['villanova'],['iowa'],['mississippi-state'],['indiana']
2019-01-21,['tennessee'],['duke'],['virginia'],['gonzaga'],['michigan'],['michigan-state'],['nevada'],['kentucky'],['kansas'],['virginia-tech'],['north-carolina'],['marquette'],['maryland'],"['buffalo', 'texas-tech']",[],['auburn'],['houston'],['villanova'],['iowa'],['mississippi'],['north-carolina-state'],['mississippi-state'],['louisville'],['iowa-state'],['louisiana-state']
2019-01-28,['tennessee'],['duke'],['virginia'],['gonzaga'],['michigan'],['michigan-state'],['kentucky'],['nevada'],['north-carolina'],['marquette'],['kansas'],['virginia-tech'],['houston'],['villanova'],['louisville'],['texas-tech'],['purdue'],['buffalo'],['louisiana-state'],['iowa-state'],['maryland'],['mississippi-state'],['north-carolina-state'],['wisconsin'],['florida-state']
2019-02-04,['tennessee'],['duke'],['virginia'],['gonzaga'],['kentucky'],['nevada'],['michigan'],['north-carolina'],['michigan-state'],['marquette'],['virginia-tech'],['houston'],['kansas'],['villanova'],['purdue'],['louisville'],['iowa-state'],['texas-tech'],['wisconsin'],['iowa'],['louisiana-state'],['florida-state'],['buffalo'],['maryland'],['cincinnati']
2019-02-11,['tennessee'],['duke'],['gonzaga'],['virginia'],['kentucky'],['michigan'],['nevada'],['north-carolina'],['houston'],['marquette'],['michigan-state'],['purdue'],['villanova'],['kansas'],['texas-tech'],['louisville'],['florida-state'],['kansas-state'],['louisiana-state'],['wisconsin'],['iowa'],['virginia-tech'],['iowa-state'],['maryland'],['buffalo']
2019-02-18,['duke'],['gonzaga'],['virginia'],['kentucky'],['tennessee'],['nevada'],['michigan'],['north-carolina'],['houston'],['michigan-state'],['marquette'],['kansas'],['louisiana-state'],['texas-tech'],['purdue'],['florida-state'],['villanova'],['louisville'],['iowa-state'],['virginia-tech'],['iowa'],['wisconsin'],['kansas-state'],['maryland'],['buffalo']
2019-02-25,['gonzaga'],['virginia'],['duke'],['kentucky'],['north-carolina'],['michigan-state'],['tennessee'],['houston'],['michigan'],['marquette'],['texas-tech'],['nevada'],['louisiana-state'],['purdue'],['kansas'],['kansas-state'],['maryland'],['florida-state'],['wisconsin'],['virginia-tech'],['buffalo'],['iowa'],['cincinnati'],['wofford'],['washington']
2019-03-04,['gonzaga'],['virginia'],['north-carolina'],['duke'],['tennessee'],['kentucky'],['michigan'],['texas-tech'],['michigan-state'],['louisiana-state'],['purdue'],['houston'],['kansas'],['florida-state'],['virginia-tech'],['marquette'],['nevada'],['kansas-state'],['buffalo'],['cincinnati'],['wisconsin'],['wofford'],['villanova'],['maryland'],['central-florida']
2019-03-11,['gonzaga'],['virginia'],['north-carolina'],['kentucky'],['duke'],['michigan-state'],['texas-tech'],['tennessee'],['louisiana-state'],['michigan'],['houston'],['florida-state'],['purdue'],['nevada'],['kansas-state'],['virginia-tech'],['kansas'],['buffalo'],['wisconsin'],['wofford'],['maryland'],['auburn'],['marquette'],['cincinnati'],['villanova']
2019-05-01,['duke'],['virginia'],['north-carolina'],['gonzaga'],['michigan-state'],['tennessee'],['kentucky'],['michigan'],['texas-tech'],['florida-state'],['houston'],['louisiana-state'],['purdue'],['auburn'],['buffalo'],['virginia-tech'],['kansas'],['kansas-state'],['wofford'],['nevada'],['wisconsin'],['cincinnati'],['villanova'],['iowa-state'],['utah-state']
2019-10-01,['michigan-state'],['kentucky'],['kansas'],['duke'],['louisville'],['florida'],['maryland'],['gonzaga'],['north-carolina'],['villanova'],['virginia'],['seton-hall'],['texas-tech'],['memphis'],['oregon'],['baylor'],['utah-state'],['ohio-state'],['xavier'],['saint-marys-ca'],['arizona'],['louisiana-state'],['purdue'],['auburn'],['virginia-commonwealth']
2019-11-11,['kentucky'],['duke'],['michigan-state'],['louisville'],['kansas'],['north-carolina'],['maryland'],['gonzaga'],['virginia'],['villanova'],['texas-tech'],['seton-hall'],['memphis'],['oregon'],['florida'],['ohio-state'],['utah-state'],['saint-marys-ca'],['arizona'],['washington'],['xavier'],['auburn'],['louisiana-state'],['baylor'],['colorado']
2019-11-18,['duke'],['louisville'],['michigan-state'],['kansas'],['north-carolina'],['maryland'],['virginia'],['gonzaga'],['kentucky'],['ohio-state'],['oregon'],['texas-tech'],['seton-hall'],['arizona'],['utah-state'],['memphis'],['villanova'],['xavier'],['auburn'],['tennessee'],['virginia-commonwealth'],['texas'],['colorado'],['baylor'],['washington']
2019-11-25,['duke'],['louisville'],['michigan-state'],['kansas'],['maryland'],['north-carolina'],['virginia'],['gonzaga'],['kentucky'],['ohio-state'],['oregon'],['texas-tech'],['seton-hall'],['arizona'],['utah-state'],['memphis'],['tennessee'],['auburn'],['baylor'],['virginia-commonwealth'],['colorado'],['villanova'],['washington'],['florida'],['xavier']
2019-12-02,['louisville'],['kansas'],['maryland'],['michigan'],['virginia'],['ohio-state'],['north-carolina'],['kentucky'],['gonzaga'],['duke'],['michigan-state'],['arizona'],['oregon'],['auburn'],['memphis'],['seton-hall'],['florida-state'],['baylor'],['dayton'],['colorado'],['tennessee'],['washington'],['villanova'],['butler'],['utah-state']
2019-12-09,['louisville'],['kansas'],['ohio-state'],['maryland'],['michigan'],['gonzaga'],['duke'],['kentucky'],['virginia'],['oregon'],['baylor'],['auburn'],['memphis'],['dayton'],['arizona'],['michigan-state'],['north-carolina'],['butler'],['tennessee'],['villanova'],['florida-state'],['seton-hall'],['xavier'],['colorado'],['san-diego-state']
2019-12-16,['kansas'],['gonzaga'],['louisville'],['duke'],['ohio-state'],['kentucky'],['maryland'],['oregon'],['virginia'],['baylor'],['memphis'],['auburn'],['dayton'],['michigan'],['michigan-state'],['arizona'],['butler'],['villanova'],['florida-state'],['san-diego-state'],['tennessee'],['washington'],['penn-state'],['texas-tech'],['west-virginia']
2019-12-23,['gonzaga'],['ohio-state'],['louisville'],['duke'],['kansas'],['oregon'],['baylor'],['auburn'],['memphis'],['villanova'],['michigan'],['butler'],['maryland'],['michigan-state'],['san-diego-state'],['virginia'],['florida-state'],['dayton'],['kentucky'],['penn-state'],['washington'],['west-virginia'],['texas-tech'],['arizona'],['iowa']
2019-12-30,['gonzaga'],['duke'],['kansas'],['oregon'],['ohio-state'],['baylor'],['louisville'],['auburn'],['memphis'],['villanova'],['butler'],['michigan'],['san-diego-state'],['michigan-state'],['maryland'],['west-virginia'],['kentucky'],['florida-state'],['virginia'],['dayton'],['penn-state'],['texas-tech'],['iowa'],['wichita-state'],['arizona']
2020-01-06,['gonzaga'],['duke'],['kansas'],['baylor'],['auburn'],['butler'],['san-diego-state'],['michigan-state'],['oregon'],['florida-state'],['ohio-state'],['maryland'],['louisville'],['kentucky'],['dayton'],['villanova'],['west-virginia'],['virginia'],['michigan'],['penn-state'],['memphis'],['texas-tech'],['wichita-state'],['arizona'],['colorado']
2020-01-13,['gonzaga'],['baylor'],['duke'],['auburn'],['butler'],['kansas'],['san-diego-state'],['oregon'],['florida-state'],['kentucky'],['louisville'],['west-virginia'],['dayton'],['villanova'],['michigan-state'],['wichita-state'],['maryland'],['seton-hall'],['michigan'],['colorado'],['ohio-state'],['memphis'],['texas-tech'],['illinois'],['creighton']
2020-01-20,['baylor'],['gonzaga'],['kansas'],['san-diego-state'],['florida-state'],['louisville'],['dayton'],['duke'],['villanova'],['seton-hall'],['michigan-state'],['oregon'],['butler'],['west-virginia'],['kentucky'],['auburn'],['maryland'],['texas-tech'],['iowa'],['memphis'],['illinois'],['arizona'],['colorado'],['rutgers'],['houston']
2020-01-27,['baylor'],['gonzaga'],['kansas'],['san-diego-state'],['florida-state'],['louisville'],['dayton'],['villanova'],['duke'],['seton-hall'],['oregon'],['west-virginia'],['kentucky'],['michigan-state'],['maryland'],['butler'],['auburn'],['iowa'],['illinois'],['colorado'],['houston'],['louisiana-state'],['wichita-state'],['penn-state'],['rutgers']
2020-02-03,['baylor'],['gonzaga'],['kansas'],['san-diego-state'],['louisville'],['dayton'],['duke'],['florida-state'],['maryland'],['villanova'],['auburn'],['seton-hall'],['west-virginia'],['oregon'],['kentucky'],['michigan-state'],['iowa'],['louisiana-state'],['butler'],['illinois'],['creighton'],['penn-state'],['arizona'],['colorado'],['houston']
2020-02-10,['baylor'],['gonzaga'],['kansas'],['san-diego-state'],['louisville'],['dayton'],['duke'],['florida-state'],['maryland'],['seton-hall'],['auburn'],['kentucky'],['penn-state'],['west-virginia'],['villanova'],['colorado'],['oregon'],['marquette'],['butler'],['houston'],['iowa'],['illinois'],['creighton'],['texas-tech'],['louisiana-state']
2020-02-17,['baylor'],['gonzaga'],['kansas'],['san-diego-state'],['dayton'],['duke'],['maryland'],['florida-state'],['penn-state'],['kentucky'],['louisville'],['villanova'],['auburn'],['oregon'],['creighton'],['seton-hall'],['west-virginia'],['colorado'],['marquette'],['iowa'],['butler'],['houston'],['brigham-young'],['arizona'],['ohio-state']
2020-02-24,['kansas'],['baylor'],['gonzaga'],['dayton'],['san-diego-state'],['florida-state'],['duke'],['kentucky'],['maryland'],['creighton'],['louisville'],['villanova'],['seton-hall'],['oregon'],['auburn'],['penn-state'],['brigham-young'],['iowa'],['michigan'],['west-virginia'],['colorado'],['texas-tech'],['ohio-state'],['michigan-state'],['houston']
2020-03-02,['kansas'],['gonzaga'],['dayton'],['baylor'],['san-diego-state'],['kentucky'],['florida-state'],['seton-hall'],['maryland'],['louisville'],['creighton'],['duke'],['oregon'],['villanova'],['brigham-young'],['michigan-state'],['auburn'],['iowa'],['ohio-state'],['penn-state'],['houston'],['virginia'],['illinois'],['wisconsin'],['michigan']
2020-03-09,['kansas'],['gonzaga'],['dayton'],['florida-state'],['baylor'],['san-diego-state'],['creighton'],['kentucky'],['michigan-state'],['duke'],['villanova'],['maryland'],['oregon'],['brigham-young'],['louisville'],['seton-hall'],['virginia'],['wisconsin'],['ohio-state'],['auburn'],['illinois'],['houston'],['west-virginia'],['butler'],['iowa']
2020-05-01,['kansas'],['gonzaga'],['dayton'],['florida-state'],['baylor'],['san-diego-state'],['creighton'],['kentucky'],['michigan-state'],['villanova'],['duke'],['maryland'],['oregon'],['louisville'],['seton-hall'],['virginia'],['wisconsin'],['brigham-young'],['ohio-state'],['auburn'],['illinois'],['houston'],['butler'],['west-virginia'],['iowa']
